id_day,easy_openings,hardcore_openings,easy_endings,hardcore_endings,date
0,11600,8869,6468,4838,2023-08-28
1,5208,9422,6311,2322,2023-08-29
2,7007,9604,2510,5357,2023-08-30
3,957,9677,3153,756,2023-08-31
4,9724,3743,11917,5582,2023-09-01
5,8787,10198,4399,6117,2023-09-02
6,1010,1180,7060,5365,2023-09-03
7,7648,8253,8655,4965,2023-09-04
8,10102,5124,2917,10200,2023-09-05
9,4939,7512,7664,3744,2023-09-06
10,7107,8842,7115,5163,2023-09-07
11,7222,5114,2281,7076,2023-09-08
12,8530,6158,3797,9978,2023-09-09
13,3438,8850,9376,1152,2023-09-10
14,6239,3037,4713,6327,2023-09-11
15,5786,4851,4283,3994,2023-09-12
16,10641,4393,1826,5128,2023-09-13
17,5752,7789,5763,2721,2023-09-14
18,7639,4853,7109,10375,2023-09-15
19,5748,11754,9580,8136,2023-09-16
20,10968,1036,4031,9620,2023-09-17
21,7108,10350,6886,2806,2023-09-18
22,8504,10022,4278,11672,2023-09-19
23,7212,7968,7877,2316,2023-09-20
24,9282,2104,6454,7974,2023-09-21
25,1802,7611,8507,3977,2023-09-22
26,951,1020,5690,3697,2023-09-23
27,7876,3841,8085,1157,2023-09-24
28,2748,2495,8951,2257,2023-09-25
29,2872,8968,1828,9315,2023-09-26
30,7214,3877,2468,8189,2023-09-27
31,7054,5315,9374,9678,2023-09-28
32,3272,727,8654,3878,2023-09-29
33,8245,8688,8101,1057,2023-09-30
34,3303,4834,8721,5369,2023-10-01
35,8656,1179,5696,7014,2023-10-02
36,5750,5540,5295,9680,2023-10-03
37,6430,12011,4941,8884,2023-10-04
38,2452,11671,2477,8501,2023-10-05
39,9708,1185,3290,4623,2023-10-06
40,3434,5117,2458,9116,2023-10-07
41,3265,5824,4724,10245,2023-10-08
42,5687,2158,2467,6360,2023-10-09
43,2692,10977,7229,8404,2023-10-10
44,8518,1966,2475,6194,2023-10-11
45,3374,8867,932,7319,2023-10-12
46,5046,6412,1816,11957,2023-10-13
47,7863,8946,991,6851,2023-10-14
48,6822,10244,3982,11970,2023-10-15
49,1484,754,6891,5352,2023-10-16
50,2886,2155,8573,5119,2023-10-17
51,5519,4520,2464,2351,2023-10-18
52,10487,6499,5189,6211,2023-10-19
53,9807,11809,6175,4854,2023-10-20
54,7647,12198,6767,12294,2023-10-21
55,6095,2746,3172,7874,2023-10-22
56,3375,3573,5523,11374,2023-10-23
57,5608,6549,4833,8899,2023-10-24
58,2447,12293,982,2319,2023-10-25
59,2509,728,977,7132,2023-10-26
60,8210,8868,11953,5168,2023-10-27
61,2884,2267,3165,2724,2023-10-28
62,6173,5418,9466,5012,2023-10-29
63,2868,11631,7359,2107,2023-10-30
64,10495,11862,979,5588,2023-10-31
65,8262,2303,1488,3922,2023-11-01
66,7219,2731,6976,4384,2023-11-02
67,7138,5826,8532,9977,2023-11-03
68,960,11956,11078,1194,2023-11-04
69,6453,7062,6912,1055,2023-11-05
70,2263,3633,2996,2312,2023-11-06
71,9301,6243,1006,3619,2023-11-07
72,7006,7073,2566,1154,2023-11-08
73,8653,6457,2606,2781,2023-11-09
74,7358,11829,11495,11865,2023-11-10
75,1480,11405,6057,6408,2023-11-11
76,1793,9137,1485,1051,2023-11-12
77,6878,12261,9777,1149,2023-11-13
78,950,320,2921,4839,2023-11-14
79,9197,2562,2842,7078,2023-11-15
80,6820,2494,981,5013,2023-11-16
81,5753,11432,8328,10010,2023-11-17
82,3268,7742,5704,5356,2023-11-18
83,8082,4621,2466,5349,2023-11-19
84,1482,1037,2924,10008,2023-11-20
85,8325,1018,9312,5425,2023-11-21
86,2605,6584,9339,7825,2023-11-22
87,8652,8726,5494,2796,2023-11-23
88,1479,3970,5578,9619,2023-11-24
89,7649,7750,7659,2308,2023-11-25
90,5520,6334,8519,5165,2023-11-26
91,1798,2420,2908,4551,2023-11-27
92,7936,1050,5482,5179,2023-11-28
93,969,3828,7235,7104,2023-11-29
94,6429,3392,9313,6629,2023-11-30
95,11396,5126,3171,2321,2023-12-01
96,9606,2305,2955,12012,2023-12-02
97,3277,12045,1833,3923,2023-12-03
98,953,5556,8509,9115,2023-12-04
99,6765,6459,8790,8195,2023-12-05
100,3730,3772,1814,2161,2023-12-06
101,3838,3773,2568,6355,2023-12-07
102,11450,3595,4562,2772,2023-12-08
103,7215,7824,974,4392,2023-12-09
104,952,8887,1500,2787,2023-12-10
105,4484,6201,1490,1967,2023-12-11
106,7216,4347,11601,8632,2023-12-12
107,3373,3235,2923,8630,2023-12-13
108,5695,7844,9394,5558,2023-12-14
109,5930,10834,10488,8852,2023-12-15
110,5751,6116,8873,4830,2023-12-16
111,4213,4382,2474,5830,2023-12-17
112,919,3100,978,7612,2023-12-18
113,9372,8924,11458,3765,2023-12-19
114,7223,685,8506,1565,2023-12-20
115,964,10763,6056,10328,2023-12-21
116,9846,6354,7056,9279,2023-12-22
117,5445,11608,1005,10105,2023-12-23
118,9787,5175,1657,2498,2023-12-24
119,5915,5424,5722,12373,2023-12-25
120,3040,2268,8570,8859,2023-12-26
121,9706,8401,2911,11958,2023-12-27
122,996,8858,10103,6186,2023-12-28
123,5720,6244,9215,10835,2023-12-29
124,2883,8194,3279,2272,2023-12-30
125,5689,7155,11945,10744,2023-12-31
126,1799,5511,3283,7079,2024-01-01
127,2877,3835,9198,9976,2024-01-02
128,4944,6111,1493,5827,2024-01-03
129,4212,8511,999,3702,2024-01-04
130,3267,5225,3288,2271,2024-01-05
131,3436,7318,5584,7017,2024-01-06
132,10361,4348,4279,6202,2024-01-07
133,7357,7140,2891,9735,2024-01-08
134,2446,9796,10808,4238,2024-01-09
135,2882,7678,921,8925,2024-01-10
136,8063,3362,7057,7141,2024-01-11
137,6363,2304,2894,12081,2024-01-12
138,6310,1021,9808,11855,2024-01-13
139,6911,3764,2025,7973,2024-01-14
140,2453,4571,1497,6193,2024-01-15
141,3435,9075,6098,9797,2024-01-16
142,3170,5539,4948,7746,2024-01-17
143,10329,4962,7862,5118,2024-01-18
144,2875,3875,4959,3775,2024-01-19
145,1481,1189,928,686,2024-01-20
146,7643,7743,7565,3928,2024-01-21
147,4815,10237,1492,5484,2024-01-22
148,6054,10865,2907,11609,2024-01-23
149,9281,6358,926,7087,2024-01-24
150,1797,8849,4328,3350,2024-01-25
151,3269,5123,5723,7513,2024-01-26
152,1804,4751,1660,3991,2024-01-27
153,5493,8574,11938,7310,2024-01-28
154,3981,8705,1001,2274,2024-01-29
155,2471,7049,2901,6628,2024-01-30
156,5576,7015,5211,1029,2024-01-31
157,4211,7970,4942,4352,2024-02-01
158,9602,2493,5761,9670,2024-02-02
159,4561,2780,5190,3230,2024-02-03
160,2530,8403,10115,1313,2024-02-04
161,2531,11642,5074,2801,2024-02-05
162,2887,12020,9741,9423,2024-02-06
163,1653,4233,2890,11900,2024-02-07
164,6846,9924,3987,7751,2024-02-08
165,6471,7507,6883,9974,2024-02-09
166,958,4349,7641,5828,2024-02-10
167,6121,2350,2461,10782,2024-02-11
168,6645,9970,3736,4145,2024-02-12
169,4663,2255,2926,1566,2024-02-13
170,2995,5587,7563,11406,2024-02-14
171,2449,6761,8568,6204,2024-02-15
172,7053,5825,9302,3774,2024-02-16
173,6467,6326,1807,11632,2024-02-17
174,7221,11835,7657,2323,2024-02-18
175,4664,5001,5691,5421,2024-02-19
176,2885,3340,3043,3596,2024-02-20
177,6975,4491,7982,11886,2024-02-21
178,5688,11045,6848,6338,2024-02-22
179,2840,5580,7237,2797,2024-02-23
180,1803,10821,1829,3038,2024-02-24
181,578,6114,2915,7016,2024-02-25
182,3271,10177,3738,8969,2024-02-26
183,6482,11781,6238,4494,2024-02-27
184,3276,11650,2898,8690,2024-02-28
185,968,7971,6483,8174,2024-02-29
186,1790,3701,8263,2722,2024-03-01
187,1801,9667,984,4971,2024-03-02
188,9465,1270,6122,6409,2024-03-03
189,237,3456,2843,8634,2024-03-04
190,4507,8149,3287,5351,2024-03-05
191,239,10288,8942,3924,2024-03-06
192,2472,2301,6823,2784,2024-03-07
193,5186,5483,6903,5355,2024-03-08
194,994,7478,7226,4521,2024-03-09
195,8083,5121,238,8636,2024-03-10
196,11849,8471,1834,7517,2024-03-11
197,3164,7131,5776,4492,2024-03-12
198,11063,4555,931,6405,2024-03-13
199,4711,8131,2282,2794,2024-03-14
200,7638,5122,5917,12199,2024-03-15
201,956,2156,7662,7975,2024-03-16
202,4273,9734,8064,4383,2024-03-17
203,2880,4620,3154,2421,2024-03-18
204,5280,9832,6879,6762,2024-03-19
205,1800,6254,7650,3342,2024-03-20
206,1791,9278,9579,8576,2024-03-21
207,6900,6113,7234,11437,2024-03-22
208,7646,5455,6472,3959,2024-03-23
209,5577,8130,8017,3971,2024-03-24
210,3985,2779,4275,3365,2024-03-25
211,1928,1563,1809,1151,2024-03-26
212,5703,8188,2916,2412,2024-03-27
213,2451,7533,236,3879,2024-03-28
214,2749,9496,2902,7677,2024-03-29
215,4910,4234,4285,7744,2024-03-30
216,8788,5174,1824,10764,2024-03-31
217,967,4235,2026,7479,2024-04-01
218,962,2270,7937,2563,2024-04-02
219,5916,10765,4509,11782,2024-04-03
220,3887,5162,11060,9973,2024-04-04
221,8939,1188,8720,321,2024-04-05
222,1655,6115,927,4498,2024-04-06
223,8577,3179,2022,6359,2024-04-07
224,6055,10374,7238,5542,2024-04-08
225,2953,2105,993,1148,2024-04-09
226,4958,5738,7059,10342,2024-04-10
227,5833,9571,9607,12120,2024-04-11
228,4029,9666,1498,9138,2024-04-12
229,3984,6210,6890,10204,2024-04-13
230,9740,3929,9336,11674,2024-04-14
231,5755,10743,7360,1158,2024-04-15
232,3376,10831,5819,3634,2024-04-16
233,2450,7119,1821,9605,2024-04-17
234,2881,6336,3112,2307,2024-04-18
235,8088,4626,2914,1024,2024-04-19
236,1656,8142,3731,8143,2024-04-20
237,7642,6519,4450,3344,2024-04-21
238,5583,753,3732,4499,2024-04-22
239,4457,10930,3986,2800,2024-04-23
240,1792,5036,7139,6339,2024-04-24
241,3504,1186,3280,6410,2024-04-25
242,3888,8172,6768,8150,2024-04-26
243,963,12080,11866,6413,2024-04-27
244,961,7081,5922,7745,2024-04-28
245,4325,5879,241,6407,2024-04-29
246,7546,1178,2512,6476,2024-04-30
247,2262,11673,1659,3075,2024-05-01
248,3111,9764,4816,12218,2024-05-02
249,3983,2409,6433,2732,2024-05-03
250,954,3361,3284,6187,2024-05-04
251,9139,7103,581,2785,2024-05-05
252,970,8781,9789,6329,2024-05-06
253,6972,9679,7010,7086,2024-05-07
254,8100,9114,3737,6859,2024-05-08
255,2873,2783,983,3930,2024-05-09
256,1654,12217,9376,2314,2024-05-10
257,5749,10011,1003,6246,2024-05-11
258,7562,7508,3168,1070,2024-05-12
259,2014,4393,7651,5459,2024-05-13
260,4940,8629,998,8132,2024-05-14
261,9464,2306,4274,4197,2024-05-15
262,2565,10007,2266,4840,2024-05-16
263,3438,6404,3282,6159,2024-05-17
264,972,1312,3044,2702,2024-05-18
265,10188,6475,976,3618,2024-05-19
266,3795,10203,10289,3639,2024-05-20
267,4397,5170,2281,8136,2024-05-21
268,8566,10198,1805,1155,2024-05-22
269,7390,1126,11885,7077,2024-05-23
270,2473,10142,8069,4493,2024-05-24
271,7220,2104,5447,6552,2024-05-25
272,7648,2157,2918,1032,2024-05-26
273,7214,4391,8658,3842,2024-05-27
274,3274,2410,1825,3576,2024-05-28
275,3377,12372,4538,2782,2024-05-29
276,9373,3339,4539,2256,2024-05-30
277,9702,1147,7233,10952,2024-05-31
278,2452,12011,1496,5163,2024-06-01
279,4832,9604,8507,11762,2024-06-02
280,3266,9612,2900,4394,2024-06-03
281,957,6769,1815,9668,2024-06-04
282,4721,1019,6174,3837,2024-06-05
283,4224,5172,2751,8888,2024-06-06
284,8787,5003,2567,4354,2024-06-07
285,1477,6158,1818,4240,2024-06-08
286,4722,2300,6456,4552,2024-06-09
287,2876,1184,3461,9618,2024-06-10
288,10102,5114,6096,5164,2024-06-11
289,8518,7512,2467,6461,2024-06-12
290,1795,7072,6973,3364,2024-06-13
291,9708,8968,7656,3993,2024-06-14
292,4508,8850,3378,3343,2024-06-15
293,3460,5315,1658,8635,2024-06-16
294,4710,6230,6431,1127,2024-06-17
295,7863,11378,1823,7365,2024-06-18
296,3265,5117,4214,2310,2024-06-19
297,9335,3958,924,5508,2024-06-20
298,3796,11671,3440,2315,2024-06-21
299,2886,10199,4723,3617,2024-06-22
300,9214,8556,1828,8782,2024-06-23
301,5774,6850,9467,4627,2024-06-24
302,2280,3874,3304,3363,2024-06-25
303,3374,2478,4031,1057,2024-06-26
304,3278,2718,1499,7311,2024-06-27
305,5492,6184,3113,1028,2024-06-28
306,3163,6333,6887,3703,2024-06-29
307,9807,7085,6432,3597,2024-06-30
308,997,8898,7625,2258,2024-07-01
309,5072,5826,5834,3829,2024-07-02
310,2447,3990,4327,3843,2024-07-03
311,3437,3834,1007,4384,2024-07-04
312,11062,9314,2888,2107,2024-07-05
313,4943,2495,3441,6203,2024-07-06
314,1476,7062,11357,9765,2024-07-07
315,2868,6549,5189,7534,2024-07-08
316,7009,6457,3890,2807,2024-07-09
317,3152,8946,3740,5588,2024-07-10
318,3041,1017,4277,4628,2024-07-11
319,4535,4351,6455,9669,2024-07-12
320,8653,4350,4458,3643,2024-07-13
321,6430,6627,2283,6337,2024-07-14
322,7054,2299,1491,4387,2024-07-15
323,7107,1179,4225,5581,2024-07-16
324,5753,3633,6766,2795,2024-07-17
325,1484,10388,4288,8970,2024-07-18
326,3272,9677,3798,1054,2024-07-19
327,8245,5283,2903,11865,2024-07-20
328,10641,3572,7115,3977,2024-07-21
329,960,12198,2997,2499,2024-07-22
330,7108,5010,8531,11775,2024-07-23
331,5520,5540,2693,5582,2024-07-24
332,6901,7871,1816,7078,2024-07-25
333,8652,5359,5579,5456,2024-07-26
334,3303,10350,8572,5356,2024-07-27
335,995,7364,9466,9925,2024-07-28
336,7212,9570,8950,6215,2024-07-29
337,4448,12045,6057,3101,2024-07-30
338,3275,6214,1004,2793,2024-07-31
339,6878,7789,8066,3180,2024-08-01
340,9776,3074,5759,11374,2024-08-02
341,4272,4377,6418,4385,2024-08-03
342,9724,1966,982,8501,2024-08-04
343,2021,7869,992,3638,2024-08-05
344,1796,9546,3889,3619,2024-08-06
345,1480,1069,4703,6502,2024-08-07
346,2509,11405,4281,5458,2024-08-08
347,1793,3976,5757,4239,2024-08-09
348,7219,5173,6889,11377,2024-08-10
349,2264,3841,1827,4623,2024-08-11
350,2605,10781,11898,9978,2024-08-12
351,1794,5126,4666,1193,2024-08-13
352,8325,3036,5188,5457,2024-08-14
353,9054,3037,7228,5006,2024-08-15
354,4702,11940,5522,1052,2024-08-16
355,1483,8924,9338,2726,2024-08-17
356,8082,2303,9703,1154,2024-08-18
357,7647,7969,3281,11873,2024-08-19
358,3169,8687,11975,3996,2024-08-20
359,5071,7308,1008,6255,2024-08-21
360,7222,6498,3797,2319,2024-08-22
361,3273,10181,1495,8851,2024-08-23
362,7645,10009,2469,4683,2024-08-24
363,6239,11956,8327,10008,2024-08-25
364,7223,2302,4537,7156,2024-08-26
365,4213,685,1806,2159,2024-08-27
366,8262,4834,10103,6629,2024-08-28
367,5751,3772,5282,11863,2024-08-29
368,2511,727,5923,3236,2024-08-30
369,1798,2158,11444,7873,2024-08-31
370,7006,7824,1006,9279,2024-09-01
371,6429,11280,4208,5543,2024-09-02
372,5046,2155,2922,6551,2024-09-03
373,6822,2267,925,6195,2024-09-04
374,2878,6201,7232,8689,2024-09-05
375,951,11809,4282,8947,2024-09-06
376,7217,6403,1813,10245,2024-09-07
377,6363,7750,580,2792,2024-09-08
378,6237,7013,7981,8254,2024-09-09
379,1482,728,9283,5880,2024-09-10
380,8015,4196,9578,2788,2024-09-11
381,3375,1020,8246,6185,2024-09-12
382,7876,3573,8091,731,2024-09-13
383,11396,3743,929,4837,2024-09-14
384,6663,3595,4486,7132,2024-09-15
385,4028,754,9808,6247,2024-09-16
386,7773,3875,6099,4379,2024-09-17
387,950,5125,9312,5316,2024-09-18
388,3436,2304,8510,2308,2024-09-19
389,8326,8148,1488,11643,2024-09-20
390,8872,6497,4328,2312,2024-09-21
391,2879,8688,4326,1182,2024-09-22
392,235,5054,10488,10143,2024-09-23
393,2872,1050,5446,6188,2024-09-24
394,7624,5541,5523,7509,2024-09-25
395,4485,7844,5048,1051,2024-09-26
396,3268,2420,5931,2791,2024-09-27
397,4944,11608,2568,6190,2024-09-28
398,6173,6858,987,1027,2024-09-29
399,5818,6412,9988,5056,2024-09-30
400,5748,6514,3982,10389,2024-10-01
401,7649,8867,8657,11609,2024-10-02
402,4207,8726,9524,2787,2024-10-03
403,5930,6335,1494,687,2024-10-04
404,11059,9075,1832,8406,2024-10-05
405,12031,1049,9603,8512,2024-10-06
406,9282,7073,4913,11957,2024-10-07
407,4947,6358,5722,4352,2024-10-08
408,2877,10763,3285,2311,2024-10-09
409,3170,8511,3290,2802,2024-10-10
410,7138,5004,4946,686,2024-10-11
411,1797,9616,7658,9613,2024-10-12
412,2564,3835,2454,5177,2024-10-13
413,11450,12261,11790,5560,2024-10-14
414,1010,5115,1814,12012,2024-10-15
415,8719,10244,3799,3635,2024-10-16
416,9197,4853,7938,1031,2024-10-17
417,8656,2770,6364,3994,2024-10-18
418,955,4144,3291,12046,2024-10-19
419,9281,7074,930,5461,2024-10-20
420,6453,3695,6767,4622,2024-10-21
421,9577,3100,2466,3230,2024-10-22
422,9053,2268,8578,7016,2024-10-23
423,8949,6550,999,8632,2024-10-24
424,6417,3970,2015,6770,2024-10-25
425,6645,4348,2923,11755,2024-10-26
426,7861,7239,9791,5352,2024-10-27
427,6095,7872,2913,2277,2024-10-28
428,2446,5556,11912,1156,2024-10-29
429,7007,3877,12032,5829,2024-10-30
430,7643,5587,6175,3615,2024-10-31
431,10329,7971,7359,7513,2024-11-01
432,952,9972,9707,5171,2024-11-02
433,2692,7611,1819,3185,2024-11-03
434,919,8883,2892,1566,2024-11-04
435,2530,1048,1829,6357,2024-11-05
436,2531,2494,7877,11830,2024-11-06
437,953,4571,9198,7319,2024-11-07
438,965,2301,2927,12373,2024-11-08
439,5608,4382,5704,2790,2024-11-09
440,3164,4751,5762,3702,2024-11-10
441,7936,4962,8328,5360,2024-11-11
442,3276,2156,2917,7241,2024-11-12
443,3269,5483,2906,3978,2024-11-13
444,2748,4970,3442,5120,2024-11-14
445,2438,5116,2463,9976,2024-11-15
446,2884,4625,10808,10766,2024-11-16
447,1804,1270,6646,5165,2024-11-17
448,5445,11650,928,1033,2024-11-18
449,8016,7015,2896,5351,2024-11-19
450,9706,2255,1001,1023,2024-11-20
451,2869,3340,921,2160,2024-11-21
452,2887,6584,5777,757,2024-11-22
453,3040,4347,3286,3365,2024-11-23
454,9987,4555,3741,8472,2024-11-24
455,6467,11829,4209,4752,2024-11-25
456,5703,1037,3739,11933,2024-11-26
457,3110,1036,5584,7677,2024-11-27
458,11063,3696,6472,6460,2024-11-28
459,6466,6244,2842,3645,2024-11-29
460,3435,3362,9215,6231,2024-11-30
461,968,10292,6879,2318,2024-12-01
462,8788,1018,7055,9619,2024-12-02
463,10968,1563,2905,10023,2024-12-03
464,2874,9137,4276,8405,2024-12-04
465,4449,6459,5295,5544,2024-12-05
466,6121,4497,4215,5512,2024-12-06
467,5280,5507,9790,11632,2024-12-07
468,239,5121,4030,10375,2024-12-08
469,7114,11631,6891,3352,2024-12-09
470,964,9796,3734,6117,2024-12-10
471,4273,8130,7109,10971,2024-12-11
472,2449,1189,7225,4572,2024-12-12
473,8089,5122,4948,5178,2024-12-13
474,7357,7507,6664,3920,2024-12-14
475,8530,4234,7230,7104,2024-12-15
476,959,1180,5919,10342,2024-12-16
477,4939,5511,931,6328,2024-12-17
478,9787,5368,6882,5168,2024-12-18
479,3376,9924,8655,6186,2024-12-19
480,6820,7119,1657,8870,2024-12-20
481,1478,5175,2902,1191,2024-12-21
482,4507,10374,8790,5558,2024-12-22
483,5689,1188,4398,7845,2024-12-23
484,956,4681,11866,7874,2024-12-24
485,1801,5174,985,3921,2024-12-25
486,7546,9832,2512,3918,2024-12-26
487,2471,5162,9607,7745,2024-12-27
488,5493,4235,5691,6462,2024-12-28
489,9392,3828,2464,7790,2024-12-29
490,6055,3929,7059,2496,2024-12-30
491,7642,5879,5578,2801,2024-12-31
492,237,6037,4816,12120,2025-01-01
493,9372,10237,8018,9315,2025-01-02
494,2870,4851,5758,5542,2025-01-03
495,2749,6115,2914,7017,2025-01-04
496,2953,5539,9375,4830,2025-01-05
497,5519,2350,238,9678,2025-01-06
498,1802,7678,9847,9076,2025-01-07
499,2882,9666,5211,2272,2025-01-08
500,971,10020,9394,10822,2025-01-09
501,5687,4393,1812,9971,2025-01-10
502,2880,2701,3166,3919,2025-01-11
503,9523,9571,7058,6476,2025-01-12
504,6310,8131,1820,10708,2025-01-13
505,4958,5738,6886,6628,2025-01-14
506,4940,8868,7659,3992,2025-01-15
507,4561,6111,3042,10328,2025-01-16
508,6911,8253,3153,3991,2025-01-17
509,5481,11432,7234,2321,2025-01-18
510,8504,6183,4400,6159,2025-01-19
511,1656,6761,975,6213,2025-01-20
512,7216,4620,5190,4556,2025-01-21
513,4711,8401,10779,4854,2025-01-22
514,2883,7140,7548,3038,2025-01-23
515,2473,2105,3742,2412,2025-01-24
516,967,10930,2916,7612,2025-01-25
517,5688,7049,1486,6458,2025-01-26
518,7215,5123,4280,9547,2025-01-27
519,9606,10177,3043,2798,2025-01-28
520,969,4829,2750,8576,2025-01-29
521,958,8887,973,4839,2025-01-30
522,2451,3456,9725,8785,2025-01-31
523,7646,9970,3044,5119,2025-02-01
524,3981,3916,8569,3576,2025-02-02
525,6765,4969,2912,3618,2025-02-03
526,3887,10821,1831,3640,2025-02-04
527,7648,4520,989,7087,2025-02-05
528,4663,8471,7110,5118,2025-02-06
529,9311,5424,5296,2789,2025-02-07
530,9139,2562,5482,3995,2025-02-08
531,9740,12217,5917,2805,2025-02-09
532,2452,1312,5609,3393,2025-02-10
533,3434,6158,1005,2421,2025-02-11
534,7214,6113,10828,2781,2025-02-12
535,4710,8781,7982,11900,2025-02-13
536,2875,1187,4283,10012,2025-02-14
537,3373,5419,10330,5484,2025-02-15
538,3985,12020,7862,8630,2025-02-16
539,7053,5172,3737,7014,2025-02-17
540,5916,3235,8069,8133,2025-02-18
541,7639,8172,5690,5354,2025-02-19
542,6846,10007,6973,11046,2025-02-20
543,2881,1035,3735,5164,2025-02-21
544,4910,2783,3304,2313,2025-02-22
545,5915,10977,6821,2797,2025-02-23
546,1803,1034,11078,4971,2025-02-24
547,4721,6206,7652,9572,2025-02-25
548,8787,10199,236,4145,2025-02-26
549,9373,9612,8519,9668,2025-02-27
550,3270,5114,1822,6189,2025-02-28
551,4832,1178,9393,3347,2025-03-01
552,962,10203,10975,4551,2025-03-02
553,4722,9113,1490,2258,2025-03-03
554,5293,10951,1929,5166,2025-03-04
555,3267,7318,3113,6501,2025-03-05
556,3374,10743,3839,6585,2025-03-06
557,966,320,2457,7973,2025-03-07
558,4212,10011,4959,2323,2025-03-08
559,7220,11378,9337,1151,2025-03-09
560,5695,8946,2893,7240,2025-03-10
561,4325,6333,2477,2276,2025-03-11
562,3274,1126,8658,8707,2025-03-12
563,4815,5124,11885,11970,2025-03-13
564,7054,2478,8263,1967,2025-03-14
565,1795,12372,986,4831,2025-03-15
566,3984,2305,7564,3457,2025-03-16
567,11849,6499,2468,3643,2025-03-17
568,5279,10198,9579,2724,2025-03-18
569,2873,6769,933,3775,2025-03-19
570,5774,7103,3440,6187,2025-03-20
571,2263,8850,2456,1127,2025-03-21
572,6975,1184,6848,8925,2025-03-22
573,2871,7155,2841,5055,2025-03-23
574,4508,9314,984,11920,2025-03-24
575,10641,8858,9467,6359,2025-03-25
576,5832,2493,6912,5459,2025-03-26
577,1799,11754,6484,9925,2025-03-27
578,3460,7364,7657,4521,2025-03-28
579,3983,7676,2954,12161,2025-03-29
580,7107,1019,993,11374,2025-03-30
581,6471,7533,3731,321,2025-03-31
582,2262,6334,3461,5582,2025-04-01
583,8083,6254,7391,6360,2025-04-02
584,2448,3915,7547,9797,2025-04-03
585,7108,10826,2898,5357,2025-04-04
586,5817,3229,1816,6515,2025-04-05
587,997,10765,9788,9735,2025-04-06
588,9335,3701,7625,2274,2025-04-07
589,5753,11436,982,6339,2025-04-08
590,8577,3764,5189,6552,2025-04-09
591,5577,11642,7229,5127,2025-04-10
592,8325,9764,4329,8174,2025-04-11
593,1655,8898,7651,2315,2025-04-12
594,4224,1153,7236,2771,2025-04-13
595,8948,8556,7656,5369,2025-04-14
596,4943,2303,8509,3348,2025-04-15
597,6878,2299,2475,9973,2025-04-16
598,3041,6114,8085,7514,2025-04-17
599,7219,3976,9055,7039,2025-04-18
600,4448,1186,1498,7310,2025-04-19
601,9724,4550,6823,1195,2025-04-20
602,7218,10350,581,6408,2025-04-21
603,2447,5364,1499,9977,2025-04-22
604,1794,4391,8532,6204,2025-04-23
605,10188,6498,7774,8634,2025-04-24
606,4702,12293,2566,8782,2025-04-25
607,4397,11774,7655,3344,2025-04-26
608,7980,3772,1824,6202,2025-04-27
609,3278,8403,1493,7086,2025-04-28
610,9301,7308,2915,4239,2025-04-29
611,6097,5117,1004,9115,2025-04-30
612,1480,4682,5281,9573,2025-05-01
613,7224,7968,2282,6205,2025-05-02
614,1790,6230,11064,9574,2025-05-03
615,11062,2270,6454,3774,2025-05-04
616,6054,8968,1817,4387,2025-05-05
617,2280,9667,580,9280,2025-05-06
618,1476,8849,2908,4394,2025-05-07
619,7213,12198,8950,6211,2025-05-08
620,7647,2410,8941,5163,2025-05-09
621,957,3572,5763,12294,2025-05-10
622,5754,5826,1830,10021,2025-05-11
623,7008,1185,2016,2563,2025-05-12
624,2472,10142,1485,9833,2025-05-13
625,5751,8574,6240,6203,2025-05-14
626,5786,2300,5787,8783,2025-05-15
627,2453,4349,7226,9670,2025-05-16
628,10102,7869,8067,756,2025-05-17
629,7876,2306,4279,3765,2025-05-18
630,6663,9278,241,5167,2025-05-19
631,10495,2269,3154,8884,2025-05-20
632,9054,2746,9140,5557,2025-05-21
633,5520,3184,4278,10764,2025-05-22
634,5749,3392,2567,10744,2025-05-23
635,3152,6549,1000,3917,2025-05-24
636,1482,2155,9141,10952,2025-05-25
637,5186,2779,6885,3181,2025-05-26
638,9708,3037,3890,2314,2025-05-27
639,9464,5825,5923,3878,2025-05-28
640,994,8688,2897,6356,2025-05-29
641,8100,12011,8572,8402,2025-05-30
642,7358,1069,9703,1157,2025-05-31
643,2565,3179,4281,1052,2025-06-01
644,2264,6519,5820,1193,2025-06-02
645,2878,9075,2283,1030,2025-06-03
646,3436,4233,11965,2806,2025-06-04
647,3888,5125,7654,6551,2025-06-05
648,8082,7871,4282,1154,2025-06-06
649,2840,3633,6096,10827,2025-06-07
650,7624,12080,5073,8689,2025-06-08
651,2872,6850,8531,1055,2025-06-09
652,1792,11608,8091,3597,2025-06-10
653,5748,7072,5692,4378,2025-06-11
654,9702,3841,7650,8690,2025-06-12
655,954,754,7565,2309,2025-06-13
656,6900,7085,8084,3635,2025-06-14
657,6482,10022,4225,2317,2025-06-15
658,5583,3834,6456,2723,2025-06-16
659,2877,3036,4275,2787,2025-06-17
660,240,10009,11444,12218,2025-06-18
661,578,6335,4326,1029,2025-06-19
662,8063,12261,3283,7479,2025-06-20
663,9197,10763,1832,2782,2025-06-21
664,8088,6212,3987,3644,2025-06-22
665,3303,7515,6238,5284,2025-06-23
666,2511,6404,2265,7679,2025-06-24
667,4272,5011,5188,2411,2025-06-25
668,2564,1020,9524,2159,2025-06-26
669,5750,4348,6767,2732,2025-06-27
670,1793,7478,2455,1028,2025-06-28
671,2605,6214,7235,5355,2025-06-29
672,5775,8142,3441,2499,2025-06-30
673,6822,2780,8064,1158,2025-07-01
674,3377,1050,2510,8151,2025-07-02
675,6237,5173,11908,3923,2025-07-03
676,1796,9546,7658,8947,2025-07-04
677,4485,2770,998,4622,2025-07-05
678,7007,6457,9580,5508,2025-07-06
679,6095,4834,2454,5352,2025-07-07
680,8245,7743,1500,1314,2025-07-08
681,1653,2302,8721,687,2025-07-09
682,12031,7742,4538,3996,2025-07-10
683,5046,7131,1658,1054,2025-07-11
684,2879,8842,4450,1149,2025-07-12
685,3375,8194,5446,2726,2025-07-13
686,7390,5054,932,6340,2025-07-14
687,10778,2104,3282,8784,2025-07-15
688,3277,11045,5760,2790,2025-07-16
689,7645,3958,1823,1032,2025-07-17
690,5833,1615,4210,755,2025-07-18
691,5071,12045,979,10782,2025-07-19
692,3796,8726,5921,6338,2025-07-20
693,6645,11673,9707,3350,2025-07-21
694,7212,6584,6431,3703,2025-07-22
695,4534,1048,8568,12286,2025-07-23
696,7773,2255,1833,4573,2025-07-24
697,4947,1966,1806,2257,2025-07-25
698,4207,4626,2892,2799,2025-07-26
699,2876,7824,2910,9116,2025-07-27
700,8518,8149,4913,10010,2025-07-28
701,7638,2156,5047,5581,2025-07-29
702,6453,5004,8720,2803,2025-07-30
703,10968,6497,1659,3575,2025-07-31
704,1797,7872,6312,3075,2025-08-01
705,8015,1036,4458,2804,2025-08-02
706,3266,7073,1009,4840,2025-08-03
707,10487,7081,7662,7080,2025-08-04
708,10329,6116,1807,10375,2025-08-05
709,965,10831,8510,5560,2025-08-06
710,8940,753,7231,11863,2025-08-07
711,2530,1563,2459,729,2025-08-08
712,972,2157,3172,2497,2025-08-09
713,9602,10865,7660,8970,2025-08-10
714,7861,8883,6881,8472,2025-08-11
715,2450,2420,1810,4356,2025-08-12
716,9807,3877,8573,6762,2025-08-13
717,8566,3573,11917,10238,2025-08-14
718,6466,6459,2532,4379,2025-08-15
719,8530,9496,2899,6553,2025-08-16
720,2531,10181,6418,8633,2025-08-17
721,6901,6336,2926,3926,2025-08-18
722,6467,6184,4912,10389,2025-08-19
723,919,2301,5187,9974,2025-08-20
724,996,7038,7238,5002,2025-08-21
725,3265,8130,2924,4572,2025-08-22
726,3111,4621,11953,2271,2025-08-23
727,8262,4570,1491,11674,2025-08-24
728,7562,3100,5584,11892,2025-08-25
729,2471,5162,7227,3039,2025-08-26
730,960,9604,7233,3236,2025-08-27
731,235,7512,9578,2278,2025-08-28
732,9053,5540,7877,2275,2025-08-29
733,5752,7969,6976,9765,2025-08-30
734,4939,4497,7109,5349,2025-08-31
735,2748,4234,8790,7974,2025-09-01
736,1481,1018,2281,3639,2025-09-02
737,963,9734,988,8254,2025-09-03
738,959,5036,6483,4197,2025-09-04
739,5493,9114,3733,6337,2025-09-05
740,1479,11835,2905,6329,2025-09-06
741,3040,7075,6887,3343,2025-09-07
742,6539,10388,11850,2791,2025-09-08
743,11063,4851,4486,2162,2025-09-09
744,4211,5824,5209,3634,2025-09-10
745,4273,10781,2751,11886,2025-09-11
746,8939,3773,2026,3702,2025-09-12
747,239,5541,10103,2800,2025-09-13
748,4561,3990,6903,1616,2025-09-14
749,1798,10834,8328,5830,2025-09-15
750,3164,7970,3740,7744,2025-09-16
751,5687,7844,4509,1181,2025-09-17
752,8089,9571,11060,11873,2025-09-18
753,11450,4751,925,11775,2025-09-19
754,8504,5738,6433,2321,2025-09-20
755,2870,8687,7055,4384,2025-09-21
756,1928,9972,4537,5226,2025-09-22
757,6972,5507,2906,6405,2025-09-23
758,952,11432,4209,3978,2025-09-24
759,7223,11631,8873,6327,2025-09-25
760,5703,4350,10779,6190,2025-09-26
761,237,11862,7010,10766,2025-09-27
762,7215,11280,9790,6460,2025-09-28
763,6911,1188,3288,7680,2025-09-29
764,8567,5010,6768,1183,2025-09-30
765,8719,5001,976,4552,2025-10-01
766,7643,9924,2439,11406,2025-10-02
767,7114,8705,5756,3640,2025-10-03
768,7546,4962,8065,3351,2025-10-04
769,7221,8629,3986,8706,2025-10-05
770,2868,6858,11601,3992,2025-10-06
771,3730,5879,3168,2496,2025-10-07
772,5492,6627,7110,11377,2025-10-08
773,6765,5511,5722,10023,2025-10-09
774,5519,2494,2693,3345,2025-10-10
775,7222,6201,2467,6246,2025-10-11
776,7646,12217,1826,5129,2025-10-12
777,3434,1187,6175,3697,2025-10-13
778,6417,10288,2022,9617,2025-10-14
779,9846,11956,7360,3365,2025-10-15
780,5916,8887,9336,10835,2025-10-16
781,7006,4377,7232,4493,2025-10-17
782,2692,4852,930,1022,2025-10-18
783,7649,7507,8066,4392,2025-10-19
784,1801,7074,1660,11914,2025-10-20
785,5720,9666,985,7014,2025-10-21
786,9282,5126,923,8189,2025-10-22
787,956,10244,11790,5128,2025-10-23
788,3110,10177,2466,3618,2025-10-24
789,3985,6113,7359,8885,2025-10-25
790,967,7140,5048,3342,2025-10-26
791,4664,5121,929,6461,2025-10-27
792,11059,8867,3739,6117,2025-10-28
793,6239,9137,2902,1271,2025-10-29
794,5689,8172,5819,8630,2025-10-30
795,5608,7318,7228,5360,2025-10-31
796,4944,8253,3113,3928,2025-11-01
797,4535,5556,8571,2798,2025-11-02
798,2880,6037,926,2786,2025-11-03
799,3273,3828,2903,2323,2025-11-04
800,1804,5587,5931,9678,2025-11-05
801,3270,7119,1488,7082,2025-11-06
802,4484,320,6973,1156,2025-11-07
803,3438,6244,9284,1070,2025-11-08
804,8016,3875,1929,5356,2025-11-09
805,2886,5418,6098,2795,2025-11-10
806,7216,5483,975,6520,2025-11-11
807,8787,3874,10362,6355,2025-11-12
808,8788,5539,2909,7874,2025-11-13
809,1803,5419,980,3991,2025-11-14
810,4536,4853,986,5484,2025-11-15
811,8652,5124,5762,10105,2025-11-16
812,11849,3339,3840,11755,2025-11-17
813,6430,1021,4280,5176,2025-11-18
814,5045,5174,9394,2256,2025-11-19
815,5930,1179,6364,8888,2025-11-20
816,951,2304,8789,2722,2025-11-21
817,5832,11809,3167,9976,2025-11-22
818,6363,3235,10828,5056,2025-11-23
819,8653,4625,7115,3918,2025-11-24
820,3983,6183,1809,6213,2025-11-25
821,6820,3696,989,2277,2025-11-26
822,4029,5455,1487,2789,2025-11-27
823,3460,11754,5761,1057,2025-11-28
824,2470,11650,2925,1148,2025-11-29
825,3269,7103,8508,12199,2025-11-30
826,2871,9612,977,4971,2025-12-01
827,7936,4196,6540,9279,2025-12-02
828,2262,2158,3112,7063,2025-12-03
829,9392,10765,920,11851,2025-12-04
830,6846,4969,1005,8132,2025-12-05
831,4508,10743,2460,5005,2025-12-06
832,7107,1180,3285,3959,2025-12-07
833,5688,12372,6889,11900,2025-12-08
834,2438,7611,981,6552,2025-12-09
835,4911,2731,1001,4837,2025-12-10
836,1656,4351,3443,10232,2025-12-11
837,2869,10951,10488,5829,2025-12-12
838,2263,6475,7983,8173,2025-12-13
839,2883,4382,6174,5316,2025-12-14
840,4663,4393,2900,2161,2025-12-15
841,3041,8858,992,6328,2025-12-16
842,4028,10199,6891,1150,2025-12-17
843,3376,6210,6057,3457,2025-12-18
844,3373,6403,922,3920,2025-12-19
845,8948,11781,6888,8852,2025-12-20
846,9606,6769,9777,4683,2025-12-21
847,7648,4681,9808,3637,2025-12-22
848,9139,3929,3171,12373,2025-12-23
849,7980,2267,1811,11830,2025-12-24
850,6173,10007,4215,8727,2025-12-25
851,6471,5348,9215,5354,2025-12-26
852,2995,7155,4288,7846,2025-12-27
853,3795,5283,8578,7870,2025-12-28
854,7053,3772,6912,9680,2025-12-29
855,6878,5368,4945,4623,2025-12-30
856,4832,1184,3286,5559,2025-12-31
857,8083,10977,2904,6255,2026-01-01
858,4710,4620,7981,4355,2026-01-02
859,3838,8188,1822,7534,2026-01-03
860,970,5122,999,7751,2026-01-04
861,2885,4970,236,2107,2026-01-05
862,2953,2270,1486,4624,2026-01-06
863,7218,5117,2842,1127,2026-01-07
864,9776,9667,9467,2316,2026-01-08
865,2472,10011,2468,7510,2026-01-09
866,3275,8924,1492,7087,2026-01-10
867,5576,8968,8506,5457,2026-01-11
868,3163,1189,924,5425,2026-01-12
869,5817,8781,3889,3919,2026-01-13
870,1484,6115,7139,7873,2026-01-14
871,4507,8471,1495,4684,2026-01-15
872,5577,1035,4942,8707,2026-01-16
873,10361,8131,2475,4385,2026-01-17
874,4702,10142,1004,1195,2026-01-18
875,5774,2410,1828,7845,2026-01-19
876,2881,5172,2917,9572,2026-01-20
877,11396,2155,11078,9668,2026-01-21
878,7213,3764,7225,1182,2026-01-22
879,7647,6206,2465,5828,2026-01-23
880,9577,7015,4539,12081,2026-01-24
881,4721,7239,982,5353,2026-01-25
882,1790,3361,3290,6159,2026-01-26
883,995,1153,1812,8501,2026-01-27
884,8325,5170,12032,12294,2026-01-28
885,3435,4555,9703,2421,2026-01-29
886,1010,5116,8090,9797,2026-01-30
887,8656,7533,9725,3393,2026-01-31
888,4224,6358,5787,1025,2026-02-01
889,957,6243,4283,6202,2026-02-02
890,7639,5125,8941,3230,2026-02-03
891,6054,6111,5296,5357,2026-02-04
892,2473,1034,2919,7132,2026-02-05
893,8082,12080,7982,5119,2026-02-06
894,953,8850,4276,9547,2026-02-07
895,3984,8946,8263,3924,2026-02-08
896,3271,685,5281,10822,2026-02-09
897,958,11378,9312,2311,2026-02-10
898,2840,1185,2461,3574,2026-02-11
899,5915,3834,1485,8851,2026-02-12
900,7561,3976,7864,9619,2026-02-13
901,968,2409,9338,6247,2026-02-14
902,7214,9570,6883,5420,2026-02-15
903,2872,1178,2894,11958,2026-02-16
904,2264,7062,9375,757,2026-02-17
905,4212,2299,1827,731,2026-02-18
906,9724,3835,9339,4387,2026-02-19
907,1799,754,2897,6194,2026-02-20
908,1792,9314,11965,4240,2026-02-21
909,5186,6499,2282,2724,2026-02-22
910,9987,7308,7938,2308,2026-02-23
911,5786,2268,5919,6189,2026-02-24
912,2509,4963,3378,2797,2026-02-25
913,11077,5011,2911,9618,2026-02-26
914,4940,2495,5758,6462,2026-02-27
915,4397,2350,5210,6038,2026-02-28
916,962,2780,2921,5544,2026-03-01
917,6663,5315,4400,3922,2026-03-02
918,7217,1017,7548,2160,2026-03-03
919,3152,1126,4816,10245,2026-03-04
920,6055,1037,2896,5508,2026-03-05
921,8063,10022,5692,10021,2026-03-06
922,5750,10826,3799,2723,2026-03-07
923,8088,7742,1819,11933,2026-03-08
924,5280,2562,2025,10708,2026-03-09
925,2452,7131,5447,11437,2026-03-10
926,7358,8849,2266,7017,2026-03-11
927,955,4829,1817,9115,2026-03-12
928,5749,4391,9580,4378,2026-03-13
929,6482,9679,5690,8782,2026-03-14
930,7624,10203,3304,11941,2026-03-15
931,5695,8574,2455,6515,2026-03-16
932,961,9278,4282,9670,2026-03-17
933,2874,5225,9198,8635,2026-03-18
934,3276,4235,3043,9978,2026-03-19
935,5754,9616,3742,2787,2026-03-20
936,4943,5003,7229,2793,2026-03-21
937,9197,11940,8658,4521,2026-03-22
938,1480,10350,5578,3641,2026-03-23
939,7863,5580,9988,1152,2026-03-24
940,994,8511,974,1056,2026-03-25
941,6237,10763,5495,4622,2026-03-26
942,4272,7871,5696,7973,2026-03-27
943,2884,8898,5190,3836,2026-03-28
944,5293,11642,2923,5167,2026-03-29
945,2565,4491,9302,9605,2026-03-30
946,4457,3916,9376,755,2026-03-31
947,1797,3695,9337,9977,2026-04-01
948,4815,2105,9603,3698,2026-04-02
949,10968,7081,3154,2747,2026-04-03
950,2882,6114,4959,3876,2026-04-04
951,1478,11808,4562,2274,2026-04-05
952,1655,2156,3166,6585,2026-04-06
953,5481,6498,8720,8969,2026-04-07
954,8326,7072,2283,7319,2026-04-08
955,2879,2104,9788,10255,2026-04-09
956,8577,10237,3731,5177,2026-04-10
957,1800,3074,1002,12012,2026-04-11
958,7357,7073,8101,4494,2026-04-12
959,4534,7743,2888,7825,2026-04-13
960,9464,11671,7641,2317,2026-04-14
961,4910,2779,2458,3995,2026-04-15
962,2877,6158,4458,6338,2026-04-16
963,2279,7824,2023,2801,2026-04-17
964,3887,12293,4328,4965,2026-04-18
965,919,9677,8069,9975,2026-04-19
966,10188,5004,3289,8174,2026-04-20
967,9465,2770,4286,4352,2026-04-21
968,2451,5825,1806,3575,2026-04-22
969,240,10198,4398,1030,2026-04-23
970,971,3572,4510,6203,2026-04-24
971,2873,3958,6882,9280,2026-04-25
972,5072,3392,2462,3703,2026-04-26
973,9281,8868,1810,2497,2026-04-27
974,4947,6404,6767,5588,2026-04-28
975,6097,6519,8655,1196,2026-04-29
976,7007,753,1493,756,2026-04-30
977,10778,1069,4208,11920,2026-05-01
978,3504,3915,7774,10496,2026-05-02
979,2280,11673,7654,1024,2026-05-03
980,7562,9764,7658,6215,2026-05-04
981,4448,8194,7391,6204,2026-05-05
982,9602,11829,1496,7016,2026-05-06
983,10641,7508,2567,8557,2026-05-07
984,964,8726,8531,3765,2026-05-08
985,6453,4497,2464,9497,2026-05-09
986,8245,1270,3287,4499,2026-05-10
987,8518,3633,11516,2412,2026-05-11
988,5752,12011,4666,1023,2026-05-12
989,4485,5054,7663,3075,2026-05-13
990,3278,7968,4912,2781,2026-05-14
991,9740,10834,3441,2803,2026-05-15
992,6466,4550,3172,7745,2026-05-16
993,4211,6850,5921,3744,2026-05-17
994,2471,4621,2463,3615,2026-05-18
995,8949,4851,7238,8143,2026-05-19
996,2511,3595,6881,4572,2026-05-20
997,8089,7085,8509,2804,2026-05-21
998,9373,6514,2532,3343,2026-05-22
999,1795,8688,11912,1052,2026-05-23
1000,5751,11631,4450,1054,2026-05-24
1001,3268,8142,6484,6327,2026-05-25
1002,3303,3362,4509,2276,2026-05-26
1003,5520,7869,2476,3346,2026-05-27
1004,2748,5541,7640,2791,2026-05-28
1005,4449,2701,11444,8970,2026-05-29
1006,10329,6212,4278,9116,2026-05-30
1007,3981,7512,9141,11888,2026-05-31
1008,8567,3456,5579,9138,2026-06-01
1009,3436,7970,1489,11643,2026-06-02
1010,6095,3100,6431,3644,2026-06-03
1011,7638,7676,987,6192,2026-06-04
1012,2021,7844,1832,7516,2026-06-05
1013,2876,2783,2893,3702,2026-06-06
1014,239,3773,2927,1566,2026-06-07
1015,9706,2302,4284,8402,2026-06-08
1016,7546,5010,4210,2479,2026-06-09
1017,7861,7971,3282,5163,2026-06-10
1018,3434,10009,2477,3617,2026-06-11
1019,2870,6497,3168,3879,2026-06-12
1020,7008,10292,978,2319,2026-06-13
1021,5775,6550,581,3038,2026-06-14
1022,7009,8687,7236,2799,2026-06-15
1023,2749,9546,5721,1191,2026-06-16
1024,6900,6549,1829,8150,2026-06-17
1025,2530,9832,1498,7241,2026-06-18
1026,6645,3743,2456,2806,2026-06-19
1027,8566,2746,930,2272,2026-06-20
1028,952,10181,5189,10200,2026-06-21
1029,6417,9924,6312,5830,2026-06-22
1030,3374,6584,5047,5037,2026-06-23
1031,9523,4571,8068,10766,2026-06-24
1032,7224,11862,8873,3843,2026-06-25
1033,4939,7013,7060,5006,2026-06-26
1034,2447,2420,5521,2318,2026-06-27
1035,950,1050,3288,2725,2026-06-28
1036,3266,7038,1491,2702,2026-06-29
1037,10487,6336,929,8636,2026-06-30
1038,9335,9496,9847,8512,2026-07-01
1039,2692,1147,5691,4238,2026-07-02
1040,954,1188,5759,5002,2026-07-03
1041,8262,12261,1500,6408,2026-07-04
1042,5720,10244,2899,4383,2026-07-05
1043,6822,7074,6902,3185,2026-07-06
1044,11062,7789,991,3363,2026-07-07
1045,11063,3841,3113,1155,2026-07-08
1046,7108,12217,8246,4556,2026-07-09
1047,7643,8401,1805,729,2026-07-10
1048,5687,2301,2024,6859,2026-07-11
1049,2014,3875,1808,3643,2026-07-12
1050,1801,6244,11938,1026,2026-07-13
1051,8530,2303,993,2721,2026-07-14
1052,7215,320,1813,3745,2026-07-15
1053,9702,11835,986,6185,2026-07-16
1054,3111,4377,4279,4498,2026-07-17
1055,3985,7515,4941,1022,2026-07-18
1056,969,8403,6887,8871,2026-07-19
1057,3375,7478,8951,2496,2026-07-20
1058,3437,4962,3740,2498,2026-07-21
1059,9807,3874,2512,10782,2026-07-22
1060,959,5121,7359,10010,2026-07-23
1061,1928,10930,5048,2159,2026-07-24
1062,9053,1021,5763,11970,2026-07-25
1063,8940,3696,2568,8195,2026-07-26
1064,972,1563,5187,5356,2026-07-27
1065,4722,7969,8532,3348,2026-07-28
1066,5279,3179,8211,3697,2026-07-29
1067,3983,4682,10362,5542,2026-07-30
1068,9214,8629,3042,1314,2026-07-31
1069,1793,3340,1818,6329,2026-08-01
1070,6467,4626,926,7677,2026-08-02
1071,1803,4349,3987,10012,2026-08-03
1072,4958,4520,5722,5366,2026-08-04
1073,6430,11809,1003,2313,2026-08-05
1074,1802,9972,10808,3645,2026-08-06
1075,2871,3701,8085,7680,2026-08-07
1076,3272,4351,921,3634,2026-08-08
1077,7390,1615,8789,4236,2026-08-09
1078,3269,8253,9336,11851,2026-08-10
1079,8100,11432,4285,11377,2026-08-11
